Q,Refl_s,Refl_p
0.005,0.6811874190768156,0.8246057670563912
0.005066366366366366,0.6792713173680079,0.8225113316132598
0.005132732732732733,0.6773543266540115,0.8204157815880956
0.005199099099099099,0.6754363830478396,0.818319046066347
0.005265465465465465,0.6735174229331061,0.8162210542246833
0.005331831831831832,0.6715973829636357,0.8141217353275637
0.005398198198198198,0.6696762000634945,0.8120210187242347
0.005464564564564565,0.667753811427123,0.8099188338457919
0.005530930930930931,0.6658301545204152,0.8078151102031504
0.005597297297297297,0.663905167080886,0.8057097773839328
0.005663663663663664,0.6619787871190886,0.8036027650506661
0.00573003003003003,0.6600509529198294,0.8014940029385904
0.005796396396396396,0.6581216030436553,0.7993834208537957
0.005862762762762763,0.6561906763289055,0.7972709486717633
0.005929129129129129,0.6542581118937612,0.7951565163359161
0.005995495495495495,0.6523238491388919,0.793040053856655
0.006061861861861862,0.6503878277497416,0.790921491309978
0.006128228228228228,0.6484499877000446,0.7888007588372362
0.006194594594594595,0.6465102692548851,0.7866777866444333
0.006260960960960961,0.6445686129743428,0.7845525050019765
0.006327327327327327,0.6426249597177142,0.782424844245023
0.006393693693693693,0.640679250647367,0.7802947347732178
0.00646006006006006,0.6387314272336062,0.7781621070516068
0.006526426426426426,0.6367814312598284,0.7760268916115812
0.006592792792792793,0.6348292048272013,0.7738890190514077
0.006659159159159159,0.6328746903608162,0.771748420038067
0.006725525525525525,0.6309178306154436,0.7696050253086396
0.006791891891891892,0.6289585686819253,0.7674587656724025
0.006858258258258258,0.6269968479938345,0.7653095720128867
0.006924624624624625,0.6250326123344961,0.7631573752904272
0.006990990990990991,0.6230658058444224,0.7610021065449074
0.0070573573573573575,0.6210963730294609,0.7588436968993697
0.0071237237237237235,0.6191242587684759,0.7566820775628004
0.0071900900900900904,0.61714940832252,0.7545171798345249
0.0072564564564564565,0.6151717673436325,0.7523489351082221
0.007322822822822823,0.6131912818840178,0.7501772748759963
0.0073891891891891895,0.6112078984065019,0.7480021307339755
0.0074555555555555555,0.6092215637945909,0.7458234343871811
0.007521921921921922,0.6072322253629437,0.7436411176549167
0.0075882882882882885,0.6052398308689636,0.7414551124771444
0.0076546546546546555,0.6032443285245033,0.7392653509209766
0.0077210210210210215,0.601245667007628,0.7370717651870161
0.007787387387387388,0.5992437954755775,0.7348742876170297
0.007853753753753754,0.5972386635775965,0.7326728507013134
0.007920120120120121,0.5952302214688212,0.7304673870870649
0.007986486486486487,0.5932184198240273,0.728257829586606
0.008052852852852854,0.5912032098526612,0.7260441111868438
0.00811921921921922,0.5891845433134932,0.7238261650582491
0.008185585585585586,0.5871623725306746,0.7216039245651958
0.008251951951951952,0.5851366504097447,0.7193773232762857
0.008318318318318318,0.5831073304543138,0.7171462949752325
0.008384684684684686,0.5810743667835955,0.7149107736725432
0.008451051051051052,0.579037714150108,0.7126706936174114
0.008517417417417418,0.5769973279581526,0.7104259893103071
0.008583783783783784,0.5749531642828815,0.70817659551606
0.008650150150150152,0.5729051798900394,0.7059224472777929
0.008716516516516518,0.5708533322560082,0.7036634799308885
0.008782882882882884,0.5687975795887473,0.701399629117934
0.00884924924924925,0.5667378808494323,0.6991308308045211
0.008915615615615616,0.5646741957743312,0.6968570212949646
0.008981981981981982,0.5626064848978194,0.6945781372493403
0.009048348348348348,0.5605347095754212,0.6922941157006175
0.009114714714714714,0.5584588320086177,0.690004894073391
0.009181081081081082,0.5563788152686707,0.6877104102017499
0.009247447447447448,0.5542946233229308,0.6854106023495912
0.009313813813813814,0.5522062210602816,0.6831054092302287
0.009380180180180182,0.5501135743184699,0.6807947700277366
0.009446546546546548,0.5480166499114393,0.6784786244184067
0.009512912912912914,0.5459154156576073,0.6761569125933605
0.00957927927927928,0.5438098404087836,0.6738295752815677
0.009645645645645646,0.5416998940800337,0.6714965537740453
0.009712012012012012,0.5395855476799567,0.6691577899486444
0.009778378378378378,0.5374667733421862,0.6668132262958989
0.009844744744744744,0.5353435443569904,0.6644628059452431
0.009911111111111112,0.533215835204137,0.662106472692573
0.009977477477477478,0.5310836215865815,0.6597441710286773
0.010043843843843844,0.528946880464344,0.657375846168053
0.010110210210210212,0.5268055900899054,0.6550014440794028
0.010176576576576578,0.5246597300437574,0.6526209115162812
0.010242942942942944,0.5225092812711698,0.6502341960493376
0.01030930930930931,0.5203542261195605,0.6478412460991884
0.010375675675675676,0.5181945483765945,0.6454420109702842
0.010442042042042042,0.5160302333093266,0.6430364408859441
0.010508408408408408,0.5138612677038938,0.6406244870242633
0.010574774774774774,0.5116876399059611,0.6382061015549662
0.010641141141141142,0.509509339862314,0.635781237677605
0.010707507507507508,0.5073263591630763,0.6333498496607812
0.010773873873873874,0.5051386910841983,0.6309118928817804
0.010840240240240242,0.5029463306319639,0.6284673238687156
0.010906606606606608,0.500749274586855,0.6260161003420962
0.010972972972972974,0.4985475215492382,0.6235581812588568
0.01103933933933934,0.49634107198540034,0.6210935268568275
0.011105705705705706,0.4941299282743865,0.6186220987007025
0.011172072072072072,0.49191409475562065,0.6161438597288736
0.011238438438438438,0.4896935777773413,0.6136587743016888
0.011304804804804804,0.4874683857457133,0.6111668082509604
0.01137117117117117,0.4852385291746185,0.6086679289303251
0.011437537537537538,0.48300402073631826,0.6061621052672937
0.011503903903903904,0.48076487531251766,0.603649307815945
0.011570270270270272,0.4785211100466141,0.601129508811741
0.011636636636636638,0.4762727443959416,0.5986026822265028
0.011703003003003004,0.4740198001852175,0.5960688038254347
0.01176936936936937,0.4717623016603811,0.5935278512253063
0.011835735735735736,0.4695002755428324,0.5909798039533584
0.011902102102102102,0.4672337510848071,0.5884246435084185
0.011968468468468468,0.4649627601245377,0.5858623534222348
0.012034834834834834,0.46268733714237104,0.5832929193227523
0.0121012012012012,0.460407519317494,0.5807163289987353
0.012167567567567568,0.4581233465845871,0.5781325724651125
0.012233933933933934,0.45583486169133763,0.5755416420300468
0.012300300300300302,0.45354211025606317,0.5729435323631025
0.012366666666666668,0.4512451408256072,0.5703382405645662
0.012433033033033034,0.448944004933834,0.5677257662363866
0.0124993993993994,0.4466387571599062,0.5651061115538043
0.012565765765765766,0.4443294551869571,0.5624792813386041
0.012632132132132132,0.4420161598609004,0.5598452831334115
0.012698498498498498,0.4396989352491785,0.5572041272772157
0.012764864864864865,0.43737784869943913,0.5545558269818909
0.01283123123123123,0.43505297089856976,0.5519003984103775
0.012897597597597597,0.43272437593092333,0.5492378607550987
0.012963963963963966,0.43039214133673825,0.5465682363182144
0.013030330330330332,0.42805634817049126,0.5438915505926974
0.013096696696696698,0.42571708105823375,0.5412078323442121
0.013163063063063064,0.42337442825510746,0.5385171136942081
0.01322942942942943,0.42102848170197,0.5358194302038136
0.013295795795795796,0.41867933708157856,0.5331148209587292
0.013362162162162163,0.41632709387401573,0.5304033286547646
0.013428528528528529,0.41397185541126647,0.5276849996843089
0.013494894894894895,0.4116137289309262,0.5249598842234212
0.01356126126126126,0.40925282562906423,0.5222280363197045
0.013627627627627627,0.40688926071158504,0.5194895139804449
0.013693993993993996,0.40452315344487166,0.5167443792617616
0.013760360360360362,0.40215462720469136,0.5139926983577363
0.013826726726726728,0.3997838095239388,0.5112345416901555
0.013893093093093094,0.3974108321384299,0.5084699839982239
0.01395945945945946,0.3950358310316914,0.5056991044291552
0.014025825825825827,0.39265894647707916,0.502921986627817
0.014092192192192193,0.3902803230785571,0.5001387188271824
0.014158558558558559,0.3879001098091552,0.4973493939382981
0.014224924924924925,0.3855184600472,0.4945541096400615
0.01429129129129129,0.3831355316102825,0.49175296846864064
0.014357657657657657,0.38075148678669674,0.488946077906581
0.014424024024024026,0.37836649236385644,0.48613355047065615
0.014490390390390392,0.3759807196546497,0.4833155038001211
0.014556756756756759,0.373594344520005,0.48049206074278283
0.014623123123123125,0.3712075473888696,0.4776633494409383
0.01468948948948949,0.36882051327473697,0.47482950341571034
0.014755855855855857,0.36643343178872206,0.47199066165017495
0.014822222222222223,0.3640464971490513,0.469146968670903
0.014888588588588589,0.3616599081867523,0.4662985746278148
0.014954954954954955,0.359273868347334,0.4634456353719726
0.015021321321321321,0.3568885856886594,0.4605883125318282
0.015087687687687687,0.35450427287408603,0.45772677358658476
0.015154054054054053,0.3521211471615472,0.4548611919374979
0.015220420420420423,0.3497394303877765,0.45199174697638933
0.015286786786786789,0.34735934894790155,0.4491186241513917
0.015353153153153155,0.34498113376994205,0.44624201502935157
0.01541951951951952,0.3426050202843656,0.44336211735541886
0.015485885885885887,0.34023124838797647,0.44047913510832176
0.015552252252252253,0.3378600624029506,0.43759327855276403
0.015618618618618619,0.3354917110297044,0.4347047642872944
0.015684984984984985,0.33312644729423857,0.4318138152879552
0.01575135135135135,0.3307645284893418,0.42892066094734105
0.015817717717717717,0.32840621611018456,0.42602553710962904
0.015884084084084083,0.32605177578297606,0.4231286860994617
0.015950450450450453,0.3237014771877247,0.42023035674642345
0.01601681681681682,0.32135559397458163,0.41733080440403414
0.016083183183183185,0.3190144036728991,0.41443029096210965
0.01614954954954955,0.31667818759423066,0.4115290848541037
0.016215915915915917,0.31434723072789483,0.40862746105739217
0.016282282282282283,0.3120218216299324,0.40572570108739975
0.01634864864864865,0.30970225230458487,0.402824092984545
0.016415015015015015,0.30738881807892404,0.39992293129442685
0.01648138138138138,0.3050818174699519,0.39702251704022457
0.016547747747747747,0.30278155204431134,0.3941231576876189
0.016614114114114113,0.30048832627097705,0.3912251671020053
0.016680480480480483,0.29820244736597046,0.38832886549699547
0.01674684684684685,0.2959242251298348,0.3854345793749289
0.016813213213213215,0.29365397177773134,0.3825426414585832
0.01687957957957958,0.29139200176172675,0.3796533906137304
0.016945945945945947,0.2891386315856688,0.37676717176274593
0.017012312312312313,0.28689417961273594,0.3738843357887314
0.01707867867867868,0.2846589658652567,0.3710052394299116
0.017145045045045045,0.282433311817311,0.36813024516417486
0.01721141141141141,0.280217540180039,0.36525972108384486
0.017277777777777777,0.2780119746795511,0.36239404075972104
0.017344144144144143,0.2758169398278788,0.3595335830950219
0.017410510510510513,0.2736327606868276,0.3566787321687097
0.01747687687687688,0.27145976262500515,0.3538298770678446
0.017543243243243245,0.26929827106827775,0.3509874117094447
0.01760960960960961,0.2671486112435143,0.3481517346508464
0.017675975975975977,0.2650111079162732,0.34532324888953436
0.017742342342342343,0.2628860851222966,0.3425023616513469
0.01780870870870871,0.26077386589316803,0.3396894841675558
0.017875075075075075,0.25867477197667194,0.3368850314411063
0.01794144144144144,0.25658912355149127,0.3340894220008155
0.018007807807807807,0.25451723893743533,0.3313030776450562
0.018074174174174173,0.252459434300661,0.3285264231737859
0.018140540540540543,0.2504160233548634,0.3257598861094937
0.01820690690690691,0.24838731705858608,0.3230038964072756
0.018273273273273275,0.24637362330892404,0.32025888615374426
0.01833963963963964,0.24437524663224058,0.3175252892552089
0.018406006006006007,0.24239248787218612,0.31480354111527603
0.018472372372372373,0.2404256438756838,0.3120940783022068
0.01853873873873874,0.2384750071768921,0.30939733820566895
0.018605105105105105,0.2365408656801918,0.30671375868404877
0.01867147147147147,0.23462350234233767,0.3040437777020005
0.018737837837837838,0.23272319485442183,0.30138783295873645
0.018804204204204204,0.23084021532407728,0.2987463615075135
0.018870570570570573,0.22897482995860305,0.2961197993665443
0.01893693693693694,0.22712729874947696,0.29350858112192774
0.019003303303303305,0.22529787515890898,0.2909131395231953
0.01906966966966967,0.22348680580877645,0.28833390507137724
0.019136036036036037,0.22169433017305137,0.2857713056011219
0.019202402402402403,0.21992068027348624,0.283225765856267
0.01926876876876877,0.21816608038014035,0.28069770706060687
0.019335135135135136,0.2164307467164779,0.27818754648356514
0.0194015015015015,0.21471488717010395,0.2756956970018796
0.019467867867867868,0.21301870100976916,0.273222566658101
0.019534234234234234,0.21134237860900057,0.2707685582162951
0.019600600600600603,0.20968610117706887,0.2683340687158269
0.01966696696696697,0.2080500404979518,0.26591948902405244
0.019733333333333335,0.20643435867784574,0.2635252033887593
0.0197996996996997,0.20483920790171792,0.2611515889909592
0.019866066066066067,0.20326473019954763,0.25879901549902723
0.019932432432432434,0.2017110572228091,0.2564678446250033
0.0199987987987988,0.20017831003172085,0.254158429683983
0.020065165165165166,0.1986665988937579,0.25187111515729155
0.02013153153153153,0.19717602309403298,0.24960623626070183
0.020197897897897898,0.19570667075785445,0.24736411851806228
0.020264264264264264,0.1942586186860996,0.24514507734175492
0.020330630630630633,0.1928319322037487,0.2429494176205563
0.020396996996997,0.19142666502204347,0.2407774333160446
0.020463363363363365,0.19004285911459343,0.2386294070682095
0.02052972972972973,0.1886805446078641,0.2365056098114024
0.020596096096096098,0.18733973968640028,0.23440630040145305
0.020662462462462464,0.1860204505128534,0.23233172525457554
0.02072882882882883,0.1847226711634462,0.23028211799939943
0.020795195195195196,0.18344638357890286,0.2282576991427008
0.020861561561561562,0.18219155753091149,0.22625867574947037
0.02092792792792793,0.18095815060463305,0.22428524113861906
0.020994294294294297,0.17974610819711284,0.22233757459469222
0.021060660660660663,0.17855536353170268,0.22041584109634982
0.02112702702702703,0.17738583768875815,0.21852019106268541
0.021193393393393396,0.17623743965239708,0.21665076011764428
0.02125975975975976,0.1751100663734142,0.21480766887339922
0.021326126126126128,0.17400360284836663,0.2129910227333763
0.021392492492492494,0.17291792221447175,0.21120091171506847
0.02145885885885886,0.17185288586059802,0.2094374102938065
0.021525225225225226,0.1708083435537858,0.2077005772673114
0.021591591591591592,0.1697841335813424,0.20599045564184718
0.02165795795795796,0.1687800829081777,0.20430707254018868
0.021724324324324328,0.16779600734916783,0.20265043913180136
0.021790690690690694,0.1668317117561484,0.2010205505853622
0.02185705705705706,0.165886990219259,0.19941738604390977
0.021923423423423426,0.1649616262823353,0.19784090862290477
0.021989789789789792,0.16405539317175993,0.19629106543096958
0.022056156156156158,0.1631680540385042,0.19476778761361577
0.022122522522522524,0.16229936221290425,0.19327099041996013
0.02218888888888889,0.16144906147149476,0.19180057329200698
0.022255255255255256,0.16061688631568258,0.19035641997687927
0.022321621621621622,0.15980256226141143,0.18893839866124323
0.02238798798798799,0.15900580613954898,0.1875463621282065
0.022454354354354358,0.1582263264062205,0.18618014793599394
0.022520720720720724,0.15746382346256366,0.18483957861819253
0.02258708708708709,0.15671798998333084,0.1835244619052097
0.022653453453453456,0.15598851125365076,0.18223459096635883
0.022719819819819822,0.15527506551341863,0.18096974467222252
0.022786186186186188,0.1545773243084631,0.1797296878764377
0.022852552552552554,0.15389495284814153,0.17851417171670994
0.02291891891891892,0.15322761036839438,0.17732293393400972
0.022985285285285286,0.1525749504998584,0.17615569920959415
0.023051651651651652,0.1519366216401398,0.17501217951874914
0.02311801801801802,0.15131226732982717,0.17389207450097757
0.023184384384384388,0.15070152663135197,0.17279507184532175
0.023250750750750754,0.15010403451018497,0.17172084769036766
0.02331711711711712,0.14951942221768247,0.17066906703787307
0.023383483483483486,0.14894731767489136,0.16963938417924976
0.023449849849849852,0.14838734585669572,0.16863144313385464
0.023516216216216218,0.14783912917576592,0.1676448780984069
0.023582582582582584,0.14730228786551844,0.16667931390632454
0.02364894894894895,0.1467764403616447,0.1657343664962254
0.023715315315315316,0.14626120368150472,0.1648096433885103
0.023781681681681682,0.14575619380093754,0.16390474416923256
0.023848048048048052,0.14526102602776383,0.16301926098002717
0.023914414414414418,0.14477531537161084,0.16215277901340536
0.023980780780780784,0.14429867690943043,0.16130487701229917
0.02404714714714715,0.14383072614624082,0.16047512777288697
0.024113513513513516,0.14337107937062543,0.1596630986498213
0.024179879879879882,0.1429193540045332,0.15886835206294905
0.024246246246246248,0.1424751689468982,0.158090446004437
0.024312612612612614,0.14203814491071276,0.15732893454556715
0.02437897897897898,0.14160790475314194,0.15658336834221998
0.024445345345345346,0.1411840737983218,0.15585329513824964
0.024511711711711712,0.140766280152472,0.1551382602657901
0.024578078078078082,0.1403541550109975,0.1544378071417287
0.024644444444444448,0.13994733295733233,0.15375147775965056
0.024710810810810814,0.1395454522531735,0.15307881317626912
0.02477717717717718,0.13914815511990156,0.15241935399178677
0.024843543543543546,0.13875508801093567,0.1517726408234146
0.024909909909909912,0.1383659018748208,0.15113821477129621
0.02497627627627628,0.13798025240886014,0.15051561787635737
0.025042642642642644,0.13759780030312094,0.1499043935693004
0.02510900900900901,0.13721821147466265,0.14930408711021792
0.025175375375375376,0.13684115729191904,0.14871424601833186
0.025241741741741743,0.13646631478903556,0.1481344204913237
0.02530810810810811,0.13609336687016496,0.14756416381365237
0.025374474474474478,0.13572200250362107,0.1470030327536628
0.025440840840840844,0.1353519169058472,0.1464505879488346
0.02550720720720721,0.1349828117151684,0.14590639427895988
0.025573573573573576,0.1346143951553409,0.14537002122679993
0.025639939939939942,0.1342463821888745,0.14484104322603897
0.02570630630630631,0.1338784946601745,0.14431903999616627
0.025772672672672674,0.1335104614285273,0.14380359686402172
0.02583903903903904,0.13314201849097707,0.14329430507194618
0.025905405405405407,0.1327729090951901,0.1427907620722499
0.025971771771771773,0.1324028838423375,0.14229257180779947
0.02603813813813814,0.1320317007801397,0.14179934497882943
0.026104504504504508,0.13165912548611852,0.141310699295639
0.026170870870870874,0.13128493114122708,0.14082625971728963
0.02623723723723724,0.13090889859392804,0.14034565867623888
0.026303603603603606,0.13053081641489522,0.139868536288849
0.026369969969969972,0.1301504809424747,0.13939454055189102
0.02643633633633634,0.12976769631900087,0.13892332752500886
0.026502702702702705,0.12938227451821277,0.13845456149926386
0.02656906906906907,0.12899403536387558,0.13798791515185074
0.026635435435435437,0.1286028065397737,0.13752306968704728
0.026701801801801803,0.1282084235913054,0.13705971496365504
0.02676816816816817,0.1278107299188153,0.13659754960893458
0.02683453453453454,0.12740957676283374,0.1361362811192784
0.026900900900900904,0.12700482318151882,0.13567562594790378
0.02696726726726727,0.1265963360203388,0.13521530957954409
0.027033633633633637,0.1261839898743589,0.13475506659260197
0.027100000000000003,0.12576766704321293,0.134294640708828
0.02716636636636637,0.12534725747901876,0.13383378483086175
0.027232732732732735,0.12492265872747094,0.13337226106784986
0.0272990990990991,0.12449377586223642,0.1329098407494223
0.027365465465465467,0.12406052141299756,0.13244630442830946
0.027431831831831833,0.12362281528720889,0.13198144187189076
0.0274981981981982,0.12318058468591941,0.13151505204298958
0.02756456456456457,0.12273376401379238,0.13104694307012849
0.027630930930930934,0.12228229478358756,0.13057693220773073
0.0276972972972973,0.1218261255152862,0.13010484578637171
0.027763663663663667,0.12136521163015773,0.12963051915362772
0.027830030030030033,0.12089951533989444,0.1291537966056234
0.0278963963963964,0.12042900553110052,0.1286745313098052
0.027962762762762765,0.11995365764536484,0.12819258521919363
0.02802912912912913,0.11947345355511338,0.1277078289783967
0.028095495495495497,0.118988381435454,0.1272201418218516
0.028161861861861863,0.1184984356323089,0.1267294114645453
0.02822822822822823,0.11800361652696786,0.12623553398559753
0.0282945945945946,0.11750393039736144,0.12573841370502678
0.028360960960960965,0.1169993892762565,0.12523796305409743
0.02842732732732733,0.11649001080656385,0.1247341024395156
0.028493693693693697,0.1159758180940303,0.12422676010190366
0.028560060060060063,0.11545683955754625,0.12371587196886724
0.02862642642642643,0.11493310877720893,0.1232013815029405
0.028692792792792795,0.11440466434046057,0.12268323954485202
0.02875915915915916,0.11387154968647009,0.1221614041524055
0.028825525525525527,0.11333381294898759,0.12163584043528433
0.028891891891891893,0.11279150679788193,0.12110652038618187
0.02895825825825826,0.11224468827957906,0.12057342270849794
0.02902462462462463,0.11169341865664571,0.12003653264105127
0.029090990990990995,0.1111377632466729,0.11949584178001246
0.02915735735735736,0.11057779126071131,0.11895134789848012
0.029223723723723727,0.11001357564145103,0.118403054763897
0.029290090090090093,0.10944519290134345,0.11785097195378748
0.02935645645645646,0.10887272296087065,0.11729511466990553
0.029422822822822825,0.10829624898717431,0.11673550355132085
0.02948918918918919,0.10771585723318866,0.11617216448653413
0.029555555555555557,0.10713163687756011,0.11560512842507865
0.029621921921921923,0.10654367986539635,0.11503443118874546
0.02968828828828829,0.10595208075017686,0.11446011328281164
0.02975465465465466,0.10535693653690406,0.11388221970748713
0.029821021021021025,0.10475834652667959,0.11330079976984438
0.02988738738738739,0.10415641216292104,0.11271590689651204
0.029953753753753757,0.10355123687930586,0.1121275984473179
0.030020120120120123,0.10294292594966765,0.1115359355301855
0.03008648648648649,0.10233158633991925,0.11094098281745052
0.030152852852852855,0.10171732656224632,0.11034280836387168
0.03021921921921922,0.10110025653160168,0.10974148342649007
0.030285585585585587,0.10048048742466686,0.10913708228655584
0.030351951951951953,0.0998581315414884,0.10852968207376927
0.03041831831831832,0.09923330216973214,0.1079193625928947
0.030484684684684685,0.0986061134518523,0.10730620615305679
0.030551051051051055,0.09797668025512049,0.10669029739977329
0.03061741741741742,0.0973451180447452,0.10607172314995958
0.030683783783783787,0.09671154276002943,0.10545057222994442
0.030750150150150153,0.09607607069380446,0.10482693531678294
0.03081651651651652,0.09543881837504278,0.10420090478280354
0.030882882882882885,0.09479990245487464,0.1035725745436636
0.03094924924924925,0.09415943959596669,0.10294203990994379
0.031015615615615617,0.09351754636532861,0.10230939744234482
0.031081981981981983,0.09287433913063327,0.10167474481065088
0.03114834834834835,0.09222993396002205,0.10103818065644907
0.031214714714714716,0.09158444652551095,0.10039980445976691
0.03128108108108108,0.09093799200991486,0.0997597164095642
0.03134744744744745,0.09029068501738274,0.09911801727821921
0.031413813813813814,0.08964263948754918,0.0984748083000371
0.03148018018018018,0.08899396861323107,0.09783019105373494
0.031546546546546546,0.08834478476177653,0.09718426734903407
0.03161291291291291,0.0876951993999451,0.09653713911727077
0.03167927927927928,0.08704532302234705,0.09588890830607165
0.031745645645645644,0.08639526508348301,0.0952396767781381
0.03181201201201201,0.08574513393322167,0.0945895462140299
0.031878378378378376,0.08509503675577877,0.09393861801898112
0.03194474474474474,0.08444507951214172,0.0932869932337612
0.032011111111111115,0.08379536688586961,0.09263477244946688
0.03207747747747748,0.08314600223224641,0.09198205572628523
0.03214384384384385,0.08249708753069064,0.09132894251610328
0.03221021021021021,0.08184872334042771,0.09067553158899631
0.03227657657657658,0.08120100875931473,0.09002192096349003
0.032342942942942945,0.08055404138577038,0.089368207840555
0.03240930930930931,0.07990791728373736,0.08871448854125719
0.03247567567567568,0.07926273095058099,0.08806085844797934
0.032542042042042044,0.07861857528792289,0.08740741194921532
0.03260840840840841,0.07797554157528191,0.08675424238780176
0.032674774774774776,0.07733371944635965,0.08610144201243151
0.03274114114114114,0.07669319686812799,0.08544910193260333
0.03280750750750751,0.0760540601223527,0.08479731207663838
0.032873873873873874,0.07541639378969661,0.0841461611529033
0.03294024024024024,0.07478028073615078,0.08349573661398946
0.033006606606606606,0.07414580210186864,0.08284612462390817
0.03307297297297297,0.07351303729215344,0.08219741002806234
0.03313933933933934,0.07288206397066499,0.08154967632603803
0.033205705705705704,0.07225295805462009,0.08090300564699836
0.03327207207207207,0.07162579371203642,0.0802574787277071
0.033338438438438436,0.07100064336081228,0.07961317489298113
0.0334048048048048,0.07037757766966139,0.0789701720385736
0.033471171171171175,0.06975666556072371,0.07832854661630266
0.03353753753753754,0.06913797421387397,0.07768837362143902
0.03360390390390391,0.06852156907251639,0.07704972658212782
0.033670270270270274,0.06790751385091709,0.0764126775508922
0.03373663663663664,0.06729587054293183,0.07577729709806252
0.033803003003003006,0.0666866994319859,0.07514365430697557
0.03386936936936937,0.06608005910238215,0.07451181677101198
0.03393573573573574,0.06547600645174191,0.07388185059227097
0.034002102102102104,0.06487459670450527,0.0732538203817835
0.03406846846846847,0.0642758834265189,0.07262778926129924
0.034134834834834836,0.0636799185405332,0.07200381886643896
0.0342012012012012,0.06308675234258829,0.07138196935119907
0.03426756756756757,0.0624964335192508,0.07076229939374475
0.034333933933933934,0.06190900916556744,0.07014486620335487
0.0344003003003003,0.06132452480374161,0.06952972552850932
0.034466666666666666,0.060743024402426966,0.06891693166600185
0.03453303303303303,0.06016455039660321,0.06830653747103528
0.0345993993993994,0.05958914370800452,0.0676985943682577
0.034665765765765764,0.05901684376595578,0.06709315236357759
0.03473213213213213,0.058447688528690776,0.06649026005683206
0.0347984984984985,0.05788171450499789,0.06588996465513397
0.03486486486486486,0.05731895677620695,0.0652923119869025
0.034931231231231236,0.05675944901844974,0.06469734651650373
0.0349975975975976,0.05620322352515305,0.06410511135944578
0.03506396396396397,0.05565031122974118,0.06351564829809282
0.035130330330330334,0.05510074172846403,0.06292899779781005
0.0351966966966967,0.05455454330338892,0.06234519902356628
0.035263063063063066,0.05401174294542417,0.06176428985684509
0.03532942942942943,0.05347236637744124,0.061186306912935674
0.0353957957957958,0.0529364380773884,0.060611285558469986
0.035462162162162164,0.052403981301415214,0.06003925992923507
0.03552852852852853,0.05187501810694241,0.0594702629481693
0.035594894894894896,0.05134956937568204,0.058904326343549473
0.03566126126126126,0.050827654836566406,0.05834148066731301
0.03572762762762763,0.050309293088574576,0.057781755313501916
0.035793993993993994,0.04979450162341746,0.057225178536770664
0.03586036036036036,0.04928329684809293,0.05667177747097886
0.035926726726726727,0.048775694107239524,0.05612157814776541
0.03599309309309309,0.04827170770535309,0.05557460551518867
0.03605945945945946,0.04777135092875634,0.05503088345629168
0.036125825825825825,0.04727463606738973,0.05449043480766741
0.03619219219219219,0.04678157443634731,0.053953281377937194
0.03625855855855856,0.046292176397209166,0.0534194439661866
0.03632492492492492,0.04580645137907868,0.05288894238026094
0.03639129129129129,0.045324407899401384,0.05236179545499124
0.036457657657657655,0.04484605358449609,0.05183802107027632
0.03652402402402402,0.04437139518981193,0.05131763616902667
0.03659039039039039,0.043900438619903934,0.0508006567749589
0.03665675675675675,0.043433188948132716,0.050287098010239194
0.03672312312312312,0.04296965043604528,0.04977697411293146
0.03678948948948949,0.04250982655248499,0.04927029845428624
0.03685585585585586,0.04205371999238554,0.0487670835558276
0.036922222222222224,0.04160133269526732,0.04826734110624738
0.03698858858858859,0.04115266586342283,0.04777108197809027
0.037054954954954956,0.040707719979794964,0.0472783162442278
0.03712132132132132,0.04026649482554874,0.04678905319412093
0.03718768768768769,0.03982898949734859,0.046303301349875634
0.037254054054054055,0.03939520242429047,0.045821068482038076
0.03732042042042042,0.03896513138455576,0.04534236162519343
0.03738678678678679,0.038538773521757,0.044867187093335356
0.03745315315315315,0.03811612536094829,0.04439555049497094
0.03751951951951952,0.037697182824377416,0.04392745674804365
0.037585885885885885,0.0372819412468839,0.043462910094563115
0.03765225225225225,0.036870395391041734,0.04300191411505122
0.03771861861861862,0.03646253946196598,0.04254447174270793
0.03778498498498498,0.03605836712186306,0.04209058527738405
0.03785135135135135,0.035657871504249566,0.04164025639927571
0.037917717717717715,0.03526104522791631,0.04119348618241877
0.03798408408408408,0.03486788041058903,0.040750275107932735
0.03805045045045045,0.03447836868231056,0.04031062307703124
0.03811681681681681,0.034092501198548175,0.039874529423807994
0.03818318318318318,0.03371026865303122,0.03944199292779407
0.03824954954954955,0.03333166129030753,0.03901301182627845
0.03831591591591592,0.03295666891805287,0.038587583826422515
0.038382282282282285,0.03258528091910436,0.03816570611713223
0.03844864864864865,0.03221748626324281,0.03774737538072392
0.03851501501501502,0.03185327351872883,0.03733258780436883
0.03858138138138138,0.031492630863584226,0.03692133909132486
0.03864774774774775,0.031135546096632744,0.03651362447195409
0.038714114114114115,0.03078200664831196,0.03610943871454272
0.03878048048048048,0.030431999591231683,0.03570877613589707
0.03884684684684685,0.030085511650533622,0.0353116306117693
0.03891321321321321,0.02974252921399038,0.03491799558704219
0.03897957957957958,0.029403038341917643,0.03452786408576086
0.039045945945945945,0.02906702477685663,0.0341412287209514
0.03911231231231231,0.0287344739530477,0.03375808170425664
0.03917867867867868,0.02840537100569574,0.033378414855382586
0.03924504504504504,0.028079700780039085,0.033002219611371286
0.03931141141141141,0.02775744784022496,0.03262948703569727
0.039377777777777775,0.02743859647798358,0.03226020782718308
0.03944414414414414,0.02712313072111654,0.03189437232874418
0.03951051051051051,0.026811034341812763,0.03153197053598125
0.039576876876876874,0.026502290864765462,0.03117299210558498
0.03964324324324324,0.02619688357513782,0.030817426363611556
0.039709609609609606,0.025894795526335543,0.03046526231357018
0.03977597597597598,0.025596009547621545,0.030116488644374953
0.039842342342342345,0.025300508251580454,0.029771093738155716
0.03990870870870871,0.02500827404139308,0.02942906567788893
0.03997507507507508,0.024719289117998443,0.02909039225493561
0.04004144144144144,0.02443353548705846,0.02875506097638218
0.04010780780780781,0.024150994965816328,0.0284230590722982
0.040174174174174175,0.02387164918977906,0.028094373502816815
0.04024054054054054,0.023595479619280286,0.027768990965112834
0.04030690690690691,0.023322467545900578,0.027446897900246566
0.04037327327327327,0.02305259409874789,0.027128080499872583
0.04043963963963964,0.022785840250613743,0.02681252471283677
0.040506006006006005,0.022522186824010172,0.02650021625166226
0.04057237237237237,0.022261614497059642,0.02619114059889072
0.04063873873873874,0.022004103809295027,0.025885283013349625
0.040705105105105104,0.02174963516731406,0.0255826285362718
0.04077147147147147,0.021498188850343044,0.02528316199733957
0.040837837837837836,0.021249745015666826,0.024986868020593057
0.0409042042042042,0.021004283703964642,0.024693731030256568
0.04097057057057057,0.020761784844540547,0.024403735256465057
0.041036936936936934,0.02052222826043527,0.024116864740872067
0.0411033033033033,0.020285593673456465,0.023833103342187446
0.041169669669669666,0.020051860709095027,0.023552434741604296
0.04123603603603604,0.019821008901353288,0.023274842448139474
0.041302402402402405,0.019593017697479193,0.023000309803890333
0.04136876876876877,0.019367866462602877,0.022728819989191885
0.04143513513513514,0.0191455344842947,0.022460356027706203
0.0415015015015015,0.018926000977025775,0.022194900791411825
0.04156786786786787,0.018709245086548785,0.021932437005522464
0.041634234234234235,0.01849524589419628,0.021672947253323107
0.0417006006006006,0.01828398242109718,0.021416413980931533
0.04176696696696697,0.018075433632309772,0.021162819501974114
0.041833333333333333,0.01786957844089049,0.02091214600220717
0.0418996996996997,0.017666395711865946,0.02066437554403841
0.041966066066066066,0.017465864266159033,0.02041949007101171
0.04203243243243243,0.017267962884411597,0.02017747141218253
0.0420987987987988,0.01707267031076956,0.0199383012864685
0.042165165165165164,0.016879965256570352,0.01970196130689655
0.04223153153153153,0.01668982640398314,0.019468432984809648
0.042297897897897896,0.016502232409570126,0.01923769773399449
0.04236426426426426,0.0163171619077979,0.019009736874764167
0.04243063063063063,0.0161345935144685,0.018784531637958714
0.042496996996996994,0.015954505830101783,0.018562063168902288
0.04256336336336336,0.01577687744325458,0.018342312531296954
0.042629729729729726,0.015601686933776514,0.018125260711055417
0.0426960960960961,0.015428912876015183,0.017910888620084796
0.042762462462462465,0.015258533841957992,0.017699177100009053
0.04282882882882883,0.015090528404319655,0.017490106925836385
0.0428951951951952,0.014924875139580763,0.017283658809581874
0.04296156156156156,0.014761552630967803,0.017079813403831228
0.04302792792792793,0.014600539471378812,0.016878551305250514
0.043094294294294296,0.014441814266264908,0.01667985305805538
0.04316066066066066,0.014285355636452945,0.016483699157419
0.04322702702702703,0.014131142220926044,0.01629007005284117
0.043293393393393394,0.013979152679553412,0.016098946151469336
0.04335975975975976,0.013829365695767346,0.01591030782136031
0.043426126126126126,0.013681759979200852,0.015724135394712582
0.04349249249249249,0.01353631426826988,0.015540409171036197
0.04355885885885886,0.013393007332723937,0.015359109420296183
0.043625225225225224,0.013251817976135569,0.015180216385993142
0.04369159159159159,0.013112725038361505,0.015003710288216872
0.043757957957957956,0.01297570739794635,0.014829571326640676
0.04382432432432432,0.01284074397449514,0.014657779683489407
0.04389069069069069,0.01270781373099641,0.014488315526451499
0.043957057057057054,0.012576895676108138,0.014321159011559935
0.04402342342342342,0.012447968866404108,0.014156290286030982
0.044089789789789786,0.01232101240857163,0.013993689491053786
0.04415615615615616,0.012196005461581465,0.013833336764553046
0.044222522522522525,0.012072927238810205,0.01367521224390304
0.04428888888888889,0.011951757010127437,0.013519296068608059
0.04435525525525526,0.01183247410394597,0.01336556838294286
0.044421621621621624,0.011715057909230797,0.013214009338552853
0.04448798798798799,0.011599487877475069,0.013064599097021228
0.044554354354354356,0.011485743524635689,0.0129173178323945
0.04462072072072072,0.011373804433038719,0.012772145733677215
0.04468708708708709,0.011263650253241452,0.012629063007283236
0.044753453453453454,0.011155260705866381,0.012488049879456604
0.04481981981981982,0.011048615583395123,0.012349086598653797
0.044886186186186186,0.010943694751930098,0.012212153437892288
0.04495255255255255,0.010840478152923213,0.012077230697062366
0.04501891891891892,0.010738945804868418,0.011944298705206344
0.045085285285285284,0.010639077804964113,0.01181333782276334
0.04515165165165165,0.010540854330738996,0.011684328443778
0.045218018018018016,0.010444255641647762,0.01155725099807548
0.04528438438438438,0.010349262080634334,0.011432085953406628
0.04535075075075075,0.010255854075662913,0.011308813817557268
0.045417117117117115,0.01016401214121578,0.011187415140421047
0.04548348348348348,0.010073716879763918,0.011067870516048307
0.04554984984984985,0.00998494898320111,0.010950160584652483
0.04561621621621621,0.009897689234253177,0.010834266034593327
0.045682582582582586,0.009811918507852471,0.010720167604322504
0.04574894894894895,0.009727617772483318,0.010607846084296933
0.04581531531531532,0.009644768091499155,0.01049728231886445
0.045881681681681684,0.009563350624409498,0.010388457208118393
0.04594804804804805,0.009483346628135027,0.01028135170971393
0.046014414414414416,0.009404737458238565,0.01017594684066317
0.04608078078078078,0.009327504570122042,0.010072223679091398
0.04614714714714715,0.00925162952019982,0.009970163365969916
0.046213513513513514,0.009177093967039652,0.009869747106811625
0.04627987987987988,0.009103879672478474,0.009770956173343538
0.046346246246246246,0.009031968502709055,0.009673771905142018
0.04641261261261261,0.008961342429338576,0.00957817571124337
0.04647897897897898,0.00889198353042308,0.009484149071727099
0.046545345345345344,0.00882387399147032,0.009391673539260107
0.04661171171171171,0.008756996106419446,0.00930073074062391
0.04667807807807808,0.008691332278591504,0.00921130237820123
0.04674444444444444,0.008626865021616976,0.009123370231446437
0.04681081081081081,0.008563576960331632,0.009036916158312322
0.046877177177177175,0.008501450831654178,0.008951922096664539
0.04694354354354354,0.008440469485429545,0.008868370065652673
0.04700990990990991,0.008380615885254272,0.00878624216706582
0.04707627627627627,0.008321873109271195,0.008705520586650757
0.047142642642642646,0.008264224350942076,0.008626187595408265
0.04720900900900901,0.008207652919795614,0.008548225550859814
0.04727537537537538,0.00815214224214778,0.00847161689828641
0.047341741741741744,0.008097675861801663,0.008396344171940719
0.04740810810810811,0.00804423744071932,0.008322389996232447
0.047474474474474476,0.007991810759672735,0.00824973708688539
0.04754084084084084,0.007940379718869942,0.008178368252070866
0.04760720720720721,0.0078899283385562,0.008108266393510024
0.047673573573573574,0.007840440759593904,0.008039414507553456
0.04773993993993994,0.007791901244018141,0.007971795686233647
0.047806306306306307,0.007744294175569492,0.007905393118292242
0.04787267267267267,0.007697604060203585,0.007840190090175864
0.04793903903903904,0.0076518155265793844,0.007776169987016011
0.048005405405405405,0.007606913326524069,0.007713316293575136
0.04807177177177177,0.007562882335475734,0.0076516125951697714
0.04813813813813814,0.007519707552904675,0.007591042578571181
0.0482045045045045,0.007477374102712529,0.007531590032877265
0.04827087087087087,0.0074358672336100875,0.007473238850360527
0.048337237237237235,0.007395172319474078,0.007415973027295065
0.0484036036036036,0.007355274859681623,0.007359776664750758
0.04846996996996997,0.0073161604794247884,0.007304633969374099
0.04853633633633633,0.007277814930005366,0.007250529254135316
0.048602702702702706,0.007240224089105899,0.007197446939056437
0.04866906906906907,0.007203373961044025,0.007145371551915458
0.04873543543543544,0.007167250677004156,0.007094287728923649
0.048801801801801804,0.007131840495250792,0.007044180215385802
0.04886816816816817,0.007097129801320712,0.006995033866327332
0.048934534534534536,0.007063105108197634,0.006946833647111581
0.0490009009009009,0.007029753056464712,0.006899564634019894
0.04906726726726727,0.006997060414440745,0.006853212014820726
0.049133633633633635,0.006965014078295511,0.006807761089309425
0.0492,0.006933601072147734,0.006763197269828366
0.04926636636636637,0.006902808548143683,0.006719506081765581
0.04933273273273273,0.006872623786517005,0.0066766731640278045
0.0493990990990991,0.00684303419563244,0.006634684269496865
0.049465465465465465,0.006814027312009349,0.00659352526546122
0.04953183183183183,0.006785590800329031,0.006553182134025604
0.0495981981981982,0.006757712453423494,0.006513640972503366
0.04966456456456456,0.006730380192248204,0.006474887993782827
0.04973093093093093,0.006703582065836201,0.006436909526677236
0.049797297297297295,0.006677306251236642,0.0063996920162509635
0.04986366366366366,0.00665154105343653,0.006363222024127634
0.04993003003003003,0.006626274905264176,0.0063274862287769715
0.04999639639639639,0.006601496367279034,0.00629247142577954
0.050062762762762766,0.006577194127643816,0.006258164528079006
0.05012912912912913,0.0065533570019809945,0.006224552566203672
0.0501954954954955,0.006529973933213207,0.006191622688479486
0.050261861861861865,0.006507033991389629,0.006159362161216316
0.05032822822822823,0.0064845263734952885,0.006127758368878729
0.0503945945945946,0.00646244040324657,0.0060967988142380455
0.05046096096096096,0.006440765530871162,0.006066471118503902
0.05052732732732733,0.006419491332873817,0.00603676302143904
0.050593693693693695,0.00639860751178689,0.006007662381456052
0.05066006006006006,0.00637810389590738,0.005979157175693329
0.05072642642642643,0.006357970439019679,0.005951235500078345
0.05079279279279279,0.0063381972201039605,0.0059238855693683826
0.05085915915915916,0.0063187744430317225,0.005897095717177324
0.050925525525525525,0.006299692436246985,0.005870854395982527
0.05099189189189189,0.006280941652434882,0.005845150177117304
0.05105825825825826,0.006262512668176611,0.005819971750744343
0.05112462462462462,0.006244396183592225,0.005795307925815752
0.05119099099099099,0.006226583021969599,0.005771147630012159
0.051257357357357355,0.006209064129382263,0.0057474799096704
0.05132372372372372,0.0061918305742938665,0.005724293929692237
0.05139009009009009,0.006174873547150747,0.005701578973438146
0.051456456456456454,0.006158184359963241,0.005679324442605274
0.05152282282282282,0.00614175444587454,0.005657519857092406
0.05158918918918919,0.006125575358718096,0.005636154854846028
0.05165555555555556,0.006109638772563828,0.005615219191693364
0.051721921921921925,0.006093936481253753,0.005594702741161968
0.05178828828828829,0.006078460397925474,0.00557459549428295
0.05185465465465466,0.006063202554526077,0.005554887559380333
0.05192102102102102,0.006048155101314521,0.005535569161847519
0.05198738738738739,0.006033310306354279,0.005516630643906777
0.052053753753753755,0.006018660554995741,0.005498062464359271
0.05212012012012012,0.006004198349348176,0.005479855198319548
0.05218648648648649,0.005989916307742104,0.005461999536934532
0.05225285285285285,0.005975807164182444,0.005444486287093853
0.05231921921921922,0.005961863767791368,0.005427306371123808
0.052385585585585585,0.005948079082242831,0.005410450826471162
0.05245195195195195,0.005934446185187273,0.0053939108053721405
0.05251831831831832,0.005920958267667678,0.005377677574510188
0.052584684684684684,0.005907608633527076,0.005361742514662414
0.05265105105105105,0.005894390698807489,0.005346097120334124
0.052717417417417416,0.0058812979911399416,0.0053307329993785135
0.05278378378378378,0.005868324149127384,0.005315641872611179
0.05285015015015015,0.005855462921718453,0.005300815573405967
0.052916516516516514,0.005842708167574264,0.005286246047285922
0.05298288288288288,0.005830053854427033,0.005271925351499586
0.05304924924924925,0.005817494058431728,0.0052578456545888915
0.05311561561561562,0.005805022963509595,0.005243999235943945
0.053181981981981985,0.005792634860685566,0.005230378485350729
0.05324834834834835,0.005780324147417958,0.0052169759025258436
0.05331471471471472,0.005768085326921707,0.005203784096643784
0.05338108108108108,0.005755913007484803,0.005190795785852219
0.05344744744744745,0.005743801901778654,0.00517800379677892
0.053513813813813815,0.0057317468261617,0.005165401064030603
0.05358018018018018,0.0057197426999769894,0.005152980629678512
0.05364654654654655,0.005707784544844203,0.0051407356427403015
0.053712912912912913,0.00569586748394548,0.005128659358650025
0.05377927927927928,0.005683986741305618,0.005116745138718684
0.053845645645645646,0.005672137641067112,0.005104986449589731
0.05391201201201201,0.0056603156067595115,0.005093376862682573
0.05397837837837838,0.005648516160564043,0.005081910053631594
0.054044744744744744,0.005636734922572846,0.0050705798017142735
0.05411111111111111,0.00562496761004354,0.005059379989273091
0.054177477477477476,0.005613210036649209,0.0050483046011299115
0.05424384384384384,0.005601458111723647,0.00503734772399303
0.05431021021021021,0.005589707839502537,0.005026503545856748
0.054376576576576574,0.005577955318360021,0.005015766355393378
0.05444294294294294,0.005566196740041373,0.005005130541340339
0.05450930930930931,0.005554428388891942,0.004994590591878764
0.05457567567567568,0.005542646641082196,0.00498414109400631
0.054642042042042045,0.0055308479638287444,0.004973776732903061
0.05470840840840841,0.0055190289146125945,0.00496349229129369
0.05477477477477478,0.005507186140393265,0.004953282648799881
0.05484114114114114,0.005495316376820728,0.004943142781289836
0.05490750750750751,0.00548341644744318,0.00493306776022182
0.054973873873873876,0.00547148326291266,0.0049230527519803155
0.05504024024024024,0.005459513820187502,0.004913093017209298
0.05510660660660661,0.00544750520173241,0.004903183910139307
0.055172972972972974,0.005435454574715832,0.004893320877908637
0.05523933933933934,0.005423359190205054,0.004883499459881284
0.055305705705705706,0.005411216382359139,0.0048737152869598845
0.05537207207207207,0.005399023567619522,0.004863964080893152
0.05543843843843844,0.005386778243898846,0.004854241653579689
0.055504804804804804,0.005374477989767961,0.004844543906367718
0.05557117117117117,0.005362120463640953,0.004834866829350111
0.055637537537537536,0.005349703402959082,0.004825206500656877
0.0557039039039039,0.005337224623372606,0.004815559085742013
0.05577027027027027,0.005324682017921858,0.004805920836668187
0.055836636636636634,0.005312073556216838,0.004796288091387436
0.055903003003003,0.005299397283615638,0.0047866572730183585
0.055969369369369366,0.00528665132040223,0.004777024889120751
0.05603573573573574,0.005273833860962889,0.0047673875309664614
0.056102102102102105,0.005260943172962501,0.0047577418728075895
0.05616846846846847,0.00524797759651979,0.00474808467114317
0.05623483483483484,0.005234935543381987,0.00473841276398029
0.056301201201201204,0.005221815496099968,0.004728723070096495
0.05636756756756757,0.005208616007201655,0.004719012588296525
0.056433933933933936,0.005195335698366979,0.004709278396668705
0.0565003003003003,0.005181973259600959,0.00469951765183916
0.05656666666666667,0.005168527448408826,0.00468972758822342
0.056633033033033034,0.005154997088969455,0.00467990551727631
0.0566993993993994,0.005141381071310344,0.004670048826740782
0.056765765765765766,0.005127678350482373,0.004660154979894542
0.05683213213213213,0.005113887945735642,0.004650221514795445
0.0568984984984985,0.005100008939694772,0.004640246043525251
0.056964864864864864,0.005086040477536396,0.004630226251433786
0.05703123123123123,0.005071981766166221,0.0046201598963794156
0.057097597597597596,0.005057832073397511,0.0046100448079701055
0.05716396396396396,0.005043590727130724,0.004599878886804637
0.05723033033033033,0.005029257114533778,0.004589660103710434
0.057296696696696695,0.005014830681223906,0.004579386498983404
0.05736306306306306,0.0050003109304506835,0.0045690561816258135
0.05742942942942943,0.004985697422280173,0.0045586673285836635
0.0574957957957958,0.004970989772781198,0.00454821818398579
0.057562162162162166,0.0049561876532123504,0.004537707058379587
0.05762852852852853,0.004941290789211227,0.004527132327969625
0.0576948948948949,0.004926298959985377,0.004516492433854787
0.057761261261261264,0.004911211997504686,0.004505785881265972
0.05782762762762763,0.004896029785696112,0.004495011238803797
0.057893993993993996,0.004880752259640412,0.004484167137677692
0.05796036036036036,0.004865379404770573,0.004473252270943691
0.05802672672672673,0.004849911256072573,0.004462265392744776
0.058093093093093094,0.004834347897288908,0.004451205317550567
0.05815945945945946,0.00481868946012373,0.004440070919397912
0.058225825825825826,0.004802936123450517,0.004428861131132968
0.05829219219219219,0.0047870881125231775,0.004417574943654321
0.05835855855855856,0.00477114569818797,0.00440621140515543
0.058424924924924924,0.004755109196099994,0.004394769620371469
0.05849129129129129,0.0047389789659409995,0.004383248749823798
0.05855765765765766,0.004722755410640734,0.004371648009068821
0.05862402402402402,0.004706438975600823,0.004359966667945925
0.05869039039039039,0.004690030147921718,0.004348204049828573
0.058756756756756755,0.0046735294556328015,0.004336359530876485
0.05882312312312312,0.004656937466925544,0.004324432539289013
0.05888948948948949,0.004640254789389289,0.0043124225545609005
0.05895585585585586,0.00462348206925127,0.004300329106739981
0.059022222222222226,0.0046066199906190245,0.004288151775686058
0.05908858858858859,0.004589669274726599,0.004275890190332676
0.05915495495495496,0.004572630679184296,0.004263544027950411
0.059221321321321324,0.004555504997231328,0.004251113013412587
0.05928768768768769,0.004538293056992804,0.004238596918463237
0.059354054054054056,0.004520995720739778,0.004225995560987342
0.05942042042042042,0.004503613884153382,0.004213308804283562
0.05948678678678679,0.004486148475592112,0.004200536556339234
0.059553153153153154,0.004468600455363435,0.0041876787691079815
0.05961951951951952,0.00445097081499936,0.004174735437790418
0.059685885885885887,0.004433260576535269,0.004161706600116574
0.05975225225225225,0.00441547079179344,0.0041485923356320625
0.05981861861861862,0.004397602541670169,0.004135392764986904
0.059884984984984985,0.004379656935426906,0.00412210804922616
0.05995135135135135,0.004361635109985947,0.0041087383890850435
0.06001771771771772,0.004343538229230089,0.004095284024286415
0.06008408408408408,0.0043253674833061695,0.004081745232840801
0.06015045045045045,0.004307124087933606,0.004068122330350364
0.060216816816816815,0.004288809283716965,0.004054415669316287
0.06028318318318318,0.004270424335462257,0.0040406256384479654
0.06034954954954955,0.0042519705314990825,0.004026752661977334
0.06041591591591592,0.004233449183005698,0.004012797198975222
0.060482282282282286,0.004214861623339883,0.003998759742672
0.06054864864864865,0.004196209207373738,0.003984640819781222
0.06061501501501502,0.00417749331083297,0.003970440989827093
0.060681381381381384,0.004158715329641247,0.003956160844475034
0.06074774774774775,0.004139876679269591,0.003941801006867287
0.060814114114114116,0.004120978794088838,0.003927362130959868
0.06088048048048048,0.00410202312672932,0.00391284490086589
0.06094684684684685,0.004083011147443428,0.0038982500302007237
0.061013213213213215,0.004063944343473835,0.003883578261431963
0.06107957957957958,0.004044824218426531,0.003868830365233035
0.06114594594594595,0.004025652291648933,0.00385400713984087
0.06121231231231231,0.004006430097612514,0.003839109410417487
0.06127867867867868,0.00398715918530096,0.0038241380284155576
0.061345045045045045,0.003967841117603064,0.0038090938709478767
0.06141141141141141,0.003948477470710898,0.003793977840161859
0.06147777777777778,0.003929069833522707,0.0037787908626167443
0.06154414414414414,0.003909619807051503,0.0037635338886662798
0.06161051051051051,0.00389012900383835,0.0037482078918451224
0.061676876876876875,0.003870599047370978,0.003732813868259157
0.06174324324324324,0.0038510315715081273,0.003717352835981318
0.06180960960960961,0.00383142821990786,0.003701825834449928
0.06187597597597597,0.0038117906454630916,0.0036862339238736127
0.061942342342342346,0.003792120509740436,0.0036705781846386658
0.06200870870870871,0.003772419482425563,0.0036548597167219833
0.06207507507507508,0.003752689240773982,0.0036390796391083803
0.062141441441441445,0.00373293146906651,0.003623239089212096
0.06220780780780781,0.003713147858070762,0.0036073392223033344
0.06227417417417418,0.0036933401045075296,0.0035913812109384827
0.06234054054054054,0.0036735099105232832,0.003575366244396289
0.06240690690690691,0.003653658983167541,0.0035592955281173854
0.062473273273273275,0.0036337890338761507,0.003543170283149546
0.06253963963963964,0.0036139017779598464,0.003526991745596677
0.06260600600600601,0.003593998934098237,0.003510761166073403
0.06267237237237237,0.0035740822238397997,0.0034944798091636484
0.06273873873873874,0.003554153371107134,0.0034781489528847736
0.0628051051051051,0.003534214101707384,0.0034617698881555343
0.06287147147147147,0.0035142661428493945,0.0034453439182700802
0.06293783783783784,0.0034943112226653306,0.0034288723583756116
0.0630042042042042,0.003474351069738315,0.003412356534955656
0.06307057057057057,0.0034543874126360904,0.0033957977853177755
0.06313693693693694,0.0034344219794498893,0.003379197457086742
0.0632033033033033,0.0034144564973389207,0.0033625569077020347
0.06326966966966967,0.0033944926920808777,0.003345877503920487
0.06333603603603603,0.0033745322876280025,0.0033291606213240207
0.06340240240240241,0.003354577005668616,0.0033124076438323805
0.06346876876876878,0.0033346285651947305,0.003295619963220498
0.06353513513513515,0.0033146886820749778,0.003278798978641245
0.06360150150150151,0.003294759068633589,0.0032619460961529835
0.06366786786786788,0.0032748414332348054,0.003245062728252157
0.06373423423423424,0.0032549374798735682,0.0032281502934113143
0.06380060060060061,0.003235048907770866,0.003211210215621281
0.06386696696696698,0.0032151774109762396,0.003194243923939475
0.06393333333333334,0.0031953246779747005,0.0031772528520425014
0.06399969969969971,0.0031754923913003097,0.0031602384377843133
0.06406606606606607,0.003155682227155052,0.0031432021227590767
0.06413243243243244,0.0031358958550335245,0.003126145351869349
0.0641987987987988,0.003116134937353662,0.0031090695728996534
0.06426516516516517,0.0030964011290924476,0.0030919762360940655
0.06433153153153154,0.003076696077428655,0.0030748667937410728
0.0643978978978979,0.003057021421389895,0.003057742699760632
0.06446426426426427,0.0030373787915062233,0.0030406054092988943
0.06453063063063064,0.0030177698094696497,0.003023456378327057
0.064596996996997,0.00299819608779877,0.0030062970632449538
0.06466336336336337,0.0029786592295095067,0.0029891289204905386
0.06472972972972973,0.0029591608277914324,0.0029719534061540104
0.0647960960960961,0.002939702465689992,0.0029547719755974645
0.06486246246246247,0.002920285715794194,0.002937586083079239
0.06492882882882883,0.0029009121399302517,0.0029203971813837183
0.0649951951951952,0.002881583288860573,0.0029032067214562265
0.06506156156156157,0.0028623007019891325,0.002886016152043267
0.06512792792792793,0.002843065907071404,0.002868826919336973
0.0651942942942943,0.0028238804199310196,0.0028516404666261617
0.06526066066066066,0.0028047457441817613,0.002834458233951372
0.06532702702702703,0.00278566337095475,0.0028172816577652867
0.0653933933933934,0.002766634778631961,0.002800112170598672
0.06545975975975976,0.0027476614325847633,0.0027829512007308587
0.06552612612612613,0.002728744784918552,0.0027658001718657683
0.0655924924924925,0.002709886274222729,0.002748660502813063
0.06565885885885886,0.0026910873253261844,0.0027315336071737895
0.06572522522522523,0.002672349349058647,0.0027144208930320896
0.06579159159159159,0.002653673742017095,0.0026973237626508155
0.06585795795795796,0.0026350618863382933,0.0026802436121734605
0.06592432432432432,0.002616515149476361,0.002663181831330128
0.06599069069069069,0.002598034883986356,0.0026461398031492247
0.06605705705705706,0.0025796224273123623,0.0026291189036735485
0.06612342342342342,0.0025612791015824803,0.0026121205016824056
0.06618978978978979,0.002543006213407911,0.002595145958417379
0.06625615615615615,0.0025248050536883144,0.0025781966273146903
0.06632252252252253,0.002506676897422098,0.0025612738537408954
0.0663888888888889,0.00248862300352251,0.0025443789747350114
0.06645525525525527,0.0024706446146384622,0.002527513318754525
0.06652162162162163,0.002452742956981551,0.0025106782054272127
0.066587987987988,0.0024349192401575143,0.0024938749453070944
0.06665435435435436,0.002417174657003832,0.0024771048396361015
0.06672072072072073,0.0023995103834316997,0.0024603691801098155
0.0667870870870871,0.0023819275782738006,0.002443669248648841
0.06685345345345346,0.002364427383137533,0.0024270063171746826
0.06691981981981983,0.002347010922262761,0.0024103816473905757
0.0669861861861862,0.0023296793023850886,0.0023937964905667553
0.06705255255255256,0.0023124336126042924,0.0023772520873313876
0.06711891891891893,0.002295274924257912,0.0023607496674654745
0.06718528528528529,0.002278204290799652,0.002344290449702833
0.06725165165165166,0.002261222747683175,0.002327875641535102
0.06731801801801802,0.002244331312250755,0.002311506439021161
0.06738438438438439,0.0022275309836268208,0.002295184026601123
0.06745075075075076,0.0022108227426166716,0.0022789095769154832
0.06751711711711712,0.0021942075516100117,0.002262684250628579
0.06758348348348349,0.0021776863544895443,0.00224650919625686
0.06764984984984986,0.0021612600765442444,0.0022303855500018944
0.06771621621621622,0.002144929624387474,0.0022143144355874548
0.06778258258258259,0.002128695885880073,0.002198296964101809
0.06784894894894895,0.0021125597300583826,0.002182334233844482
0.06791531531531532,0.0020965220070663006,0.0021664273301769707
0.06798168168168169,0.002080583548092911,0.0021505773253785512
0.06804804804804805,0.002064745165314464,0.002134785278506741
0.06811441441441442,0.002049007651840456,0.0021190522352611068
0.06818078078078078,0.002033371781665468,0.0021033792278529868
0.06824714714714715,0.0020178383096245947,0.002087767274878652
0.06831351351351352,0.0020024079713536,0.00207221738119668
0.06837987987987988,0.00198708148325417,0.0020567305378107873
0.06844624624624625,0.001971859542462718,0.0020413077217557524
0.06851261261261261,0.001956742826824475,0.0020259498959882927
0.068578978978979,0.0019417319948712005,0.002010658009281946
0.06864534534534536,0.0019268276858041748,0.0019954329961267576
0.06871171171171173,0.0019120305194803894,0.001980275776632087
0.06877807807807809,0.0018973410964038798,0.0019651872564344936
0.06884444444444446,0.001882759997721161,0.0019501683266098032
0.06891081081081082,0.0018682877852203373,0.0019352198635883095
0.06897717717717719,0.001853925001335188,0.0019203427290754495
0.06904354354354356,0.0018396721691525818,0.0019055377699753414
0.06910990990990992,0.00182552979242453,0.0018908058183189217
0.06917627627627629,0.0018114983555839413,0.0018761476911960105
0.06924264264264265,0.0017975783237647997,0.0018615641906915424
0.06930900900900902,0.0017837701428256398,0.001847056103824845
0.06937537537537539,0.0017700742393775759,0.0018326242024942821
0.06944174174174175,0.0017564910208159523,0.001818269243424183
0.06950810810810812,0.0017430208753557008,0.0018039919681169271
0.06957447447447448,0.00172966417207061,0.0017897931028077426
0.06964084084084085,0.0017164212609365997,0.0017756733584242783
0.06970720720720722,0.0017032924728781057,0.0017616334305488605
0.06977357357357358,0.001690278119818788,0.0017476739993855929
0.06983993993993995,0.001677378494735255,0.0017337957297299245
0.06990630630630632,0.001664593871714921,0.0017199992709428077
0.06997267267267268,0.0016519245060169713,0.001706285256928072
0.07003903903903905,0.0016393706341369355,0.0016926543061129473
0.07010540540540541,0.0016269324738749477,0.001679107021433053
0.07017177177177178,0.0016146102244071236,0.0016656439903201148
0.07023813813813815,0.0016024040663601318,0.0016522657846931021
0.07030450450450451,0.0015903141618896412,0.0016389729609534716
0.07037087087087088,0.0015783406547616283,0.0016257660599831227
0.07043723723723724,0.0015664836704368107,0.001612645607145819
0.07050360360360361,0.0015547433161586207,0.0015996121122922487
0.07056996996996998,0.001543119681044085,0.001586666069768034
0.07063633633633634,0.0015316128361777758,0.0015738079584250641
0.07070270270270271,0.001520222834708712,0.0015610382416358945
0.07076906906906907,0.0015089497119506565,0.0015483573673116921
0.07083543543543544,0.0014977934854849514,0.0015357657679229584
0.0709018018018018,0.001486754155266287,0.00152326386052331
0.07096816816816817,0.0014758317037315526,0.0015108520467764872
0.07103453453453454,0.0014650260959112413,0.0014985307129863842
0.0711009009009009,0.0014543372795438594,0.0014863002301297706
0.07116726726726727,0.0014437651851928607,0.0014741609538925424
0.07123363363363364,0.0014333097263662734,0.0014621132247080249
0.0713,0.0014229707996389566,0.001450157367798887
